name,abv_level
Pub Beer,low
Devil's Cup,high
Rise of the Phoenix,high
Sinister,high
Sex and Candy,high
Black Exodus,high
Lake Street Express,low
Foreman,med
Jade,med
Cone Crusher,high
Sophomoric Saison,high
Regional Ring Of Fire,high
Garce Selé,high
Troll Destroyer,high
Bitter Bitch,med
Ginja Ninja,med
Cherried Away,med
Rhubarbarian,med
BrightCider,med
He Said Baltic-Style Porter,high
He Said Belgian-Style Tripel,high
Lower De Boom,high
Fireside Chat,high
Marooned On Hog Island,high
Bitter American,low
Hell or High Watermelon Wheat (2009),low
Hell or High Watermelon Wheat (2009),low
21st Amendment Watermelon Wheat Beer (2006),low
21st Amendment IPA (2006),high
Brew Free! or Die IPA (2008),high
Brew Free! or Die IPA (2009),high
Special Edition: Allies Win The War!,high
Hop Crisis,high
Bitter American (2011),low
Fireside Chat (2010),high
Back in Black,high
Monk's Blood,high
Brew Free! or Die IPA,high
Hell or High Watermelon Wheat,low
Bimini Twist,high
Beach Blonde,low
Rod Bender Red,med
Passion Fruit Prussia,low
Send Help,low
Cast Iron Oatmeal Brown,med
Reprise Centennial Red,med
Alter Ego,med
Divided Sky,med
Resurrected,med
Contact High,low
Galaxyfest,med
Citrafest,low
Barn Yeti,high
Scarecrow,high
Ironman,high
Honey Kolsch,low
Copperhead Amber,med
Rude Parrot IPA,med
British Pale Ale (2010),med
British Pale Ale,med
Ballz Deep Double IPA,high
Wolfman's Berliner,low
Colorado Native,med
Colorado Native (2011),med
Jockamo IPA,med
Purple Haze,low
Abita Amber,low
Citra Ass Down,high
The Brown Note,low
Citra Ass Down,high
London Balling,high
35 K,high
A Beer,low
Rules are Rules,low
Flesh Gourd'n,high
Sho'nuff,low
Bloody Show,med
Rico Sauvin,high
Coq de la Marche,med
Kamen Knuddeln,med
Pile of Face,med
The Brown Note,low
Maylani's Coconut Stout,med
Oatmeal PSA,low
Pre Flight Pilsner,med
P-Town Pilsner,low
Klickitat Pale Ale,med
Yellow Wolf Imperial IPA,high
Freeride APA,med
Alaskan Amber,med
Hopalicious,med
Kentucky Kölsch,low
Kentucky IPA,med
Dusty Trail Pale Ale,med
Damnesia,med
Desolation IPA,med
Liberty Ale,med
IPA,med
Summer Wheat,low
California Lager,low
Brotherhood Steam,med
Blood Orange Gose,low
Keebarlin' Pale Ale,low
"the Kimmie, the Yink and the Holy Gose",low
Fall Hornin',med
Barney Flats Oatmeal Stout,med
Summer Solstice,med
Hop Ottin' IPA,high
Boont Amber Ale,med
Barney Flats Oatmeal Stout,med
El Steinber Dark Lager,med
Boont Amber Ale (2010),med
Summer Solstice Cerveza Crema (2009),med
Barney Flats Oatmeal Stout (2012),med
Winter Solstice,high
Hop Ottin' IPA (2011),high
Boont Amber Ale (2011),med
Summer Solstice (2011),med
Poleeko Gold Pale Ale (2009),med
Charlie's Rye IPA,med
River Pig Pale Ale,med
Oaky's Oatmeal Stout,low
Angry Orchard Apple Ginger,low
Angry Orchard Crisp Apple,low
Angry Orchard Crisp Apple,low
Golden One,high
Arjuna,med
Uroboros,high
Long Leaf,high
Honey Badger Blonde,low
Porter (a/k/a Black Gold Porter),med
Sky High Rye,med
Whitsun,med
On-On Ale (2008),med
Quakertown Stout,high
Greenbelt Farmhouse Ale,med
Mo's Gose,med
Green Bullet Organic India Pale Ale,high
Rocket Girl,low
Ninja Porter,med
Shiva IPA,med
Aslan Kölsch,low
Aslan IPA,high
Aslan Amber,high
This Season's Blonde,med
Independence Pass Ale,high
Trolley Stop Stout,med
Bitter Bitch Imperial IPA,high
Poop Deck Porter,med
Old Red Beard Amber Ale,med
Hop A-Peel,high
Vanilla Java Porter,med
Michelada,med
Dirty Blonde Ale,low
Grand Circus IPA,low
Atwater's Lager,low
Heavy Machinery IPA Series #1: Heavy Fist,high
Fire Eagle IPA,med
Peacemaker,med
Pearl-Snap,med
Black Thunder,med
Raja,high
Perzik Saison,med
Avery Joe’s Premium American Pilsner,low
White Rascal,med
Avery India Pale Ale,med
Ellie’s Brown Ale,med
Pumpkin Beast,med
OktoberBeast,high
Mad Beach,low
Hog Wild India Pale Ale,high
Devils Tramping Ground Tripel,high
Hot Rod Red,med
Palate Mallet,high
Back East Porter,med
Back East Golden Ale,low
Misty Mountain IPA,high
Back East Ale,low
Truck Stop Honey Brown Ale,med
Naked Pig Pale Ale,med
Topcutter India Pale Ale,high
Field 41 Pale Ale,low
Grapefruit Sculpin,high
Even Keel,low
Ballast Point Pale Ale,med
Big Eye India Pale Ale,high
Longfin Lager,low
Sculpin IPA,high
All Nighter Ale,low
Banner American Rye,low
Banner American Ale,low
Thai.p.a,high
Barrio Blanco,med
Barrio Tucson Blonde,low
Hop in the ‘Pool Helles,low
Ultra Gnar Gnar IPA,high
In-Tents India Pale Lager,high
Lost Meridian Wit,low
Celestial Meridian Cascadian Dark Lager,med
Wagon Party,med
Sky-Five,high
Stargrazer,low
Wonderstuff,med
Tarnation California-Style Lager,med
On the Count of 3 (2015),high
Summer Swelter,low
Phantom Punch Winter Stout,high
Hayride Autumn Ale,high
Celsius Summer Ale (2012),low
Amber Road,med
Pamola Xtra Pale Ale,low
Stowaway IPA,high
Hoptopus Double IPA,high
Watermelon Ale,low
Fenway American Pale Ale,med
Back Bay IPA,high
Bunker Hill Blueberry Ale ,low
Oberon,med
Smitten,med
Winter White,low
Oberon,med
Two Hearted,high
Best Brown,med
Moar,low
Uber Lupin Schwarz IPA,high
Nordic Blonde,med
Cold Press,med
Harness the Winter,high
14° ESB ,med
Bent Hop Golden IPA,med
Bent Paddle Black Ale,med
Venture Pils,low
Lost Sailor IPA,med
Steel Rail Extra Pale Ale,med
La Frontera Premium IPA,high
Tejas Lager,low
Number 22 Porter,med
Big Bend Hefeweizen,med
Terlingua Gold,med
Aprè Shred,high
Hemlock Double IPA,high
West Portal Colorado Common Summer Ale,low
Disconnected Red,high
Big Elm IPA,high
Gerry Dog Stout,med
413 Farmhouse Ale,med
Dark Star,high
Ryecoe,med
Blueberry Blonde,med
Galaxy IPA,high
Big River Pilsner,low
House Brand IPA,med
Big Sky IPA,med
Scape Goat Pale Ale,low
Montana Trout Slayer Ale,low
Moose Drool Brown Ale,med
Powder Hound Winter Ale,high
Moose Drool Brown Ale (2011),med
Montana Trout Slayer Ale (2012),low
Big Sky IPA (2012),med
Summer Honey,low
Scape Goat Pale Ale (2010),low
Montana Trout Slayer Ale (2009),low
Moose Drool Brown Ale (2009),med
Arcus IPA,high
Wavemaker,med
Jack Pine Savage,med
Forest Fire Imperial Smoked Rye,high
Bad Axe Imperial IPA,high
Morning Wood,med
Bark Bite IPA,high
Jalapeno Pale Ale,med
Blown Out Brown,med
Single Hop Ale,med
Sawtooth Ale,med
Saucy Intruder,high
Deception,low
Blackmarket Rye IPA,high
Black Market Hefeweizen,low
Aftermath Pale Ale,med
American India Red Ale,high
American Red Porter,high
American Red Saison,high
Colorado Red Ale,high
Saddle Bronc Brown Ale,low
Bomber Mountain Amber Ale,low
Flying Sailor,high
Nordskye ,low
North Third Stout,med
Honey Lav,med
Coconut Brown Ale,high
51K IPA,high
Grand Rabbits,med
1800 Big Log Wheat (2012),low
Double Play Pilsner,high
Brewerhood Brown Ale,med
Last Call Imperial Amber Ale,high
Pernicious Double IPA,high
6-4-3 Double Play Pilsner,med
N Street Drive-In 50th Anniversary IPA,high
467 Ethan's Stout,low
1335 Wicked Snout,med
543 Skull Creek Fresh Hopped Pale Ale,low
1327 Pod's ESB,med
1327 Pod's ESB,med
1327 Pod's ESB,med
834 Happy As Ale,low
Yellow Collar,med
Green Collar,med
Quarter Mile Double IPA,high
Full Nelson Pale Ale,med
Steel Wheels ESB,med
Blue Mountain Classic Lager,med
Full Nelson Pale Ale (2010),med
Kölsch 151,low
Professor Black,high
Little Boss,high
Van Dayum!,high
Spirit Animal,high
Toxic Sludge,high
Blue Point White IPA,med
Blue Point Summer Ale,low
Toasted Lager,med
Bohemian Export Lager,med
Altus Bohemes Altbier,med
Cherny Bock,low
Czech Pilsner,low
Viennese Lager,low
Mad Manatee IPA,med
Killer Whale Cream Ale,med
Duke's Cold Nose Brown Ale,med
Longhop IPA,low
Lucky Buck,low
Bomb Lager (New Recipe),med
Bomb Lager (Old Recipe),low
Firestarter India Pale Ale,high
Kilt Dropper Scotch Ale,high
Wood Splitter Pilsner,low
Gyptoberfest,med
Farmer Wirtz India Pale Ale,high
Slow & Steady Golden Ale,low
Pink-I Raspberry IPA,high
Moe's Original Bar B Que 'Bama Brew Golden Ale,low
Live Local Golden Ale,low
Screaming Eagle Special Ale ESB,low
Dirtbag Dunkel,low
Kindler Pale Ale,med
Mistress Winter Wheat,med
Tent Pole Vanilla Porter,med
Awry Rye Pale Ale,med
Demshitz Brown Ale,med
Wood Splitter Pilsner (2012),low
Brush Creek Blonde,low
Firestarter India Pale Ale,high
Noche Dulce,high
Porch Rocker,low
Rebel IPA,med
Cold Snap,med
Samuel Adams Winter Lager,med
Boston Lager,low
Boston Lager,low
Samuel Adams Octoberfest,med
Samuel Adams Summer Ale,med
Boston Lager,low
Hazed & Infused,low
Hoopla Pale Ale,med
Hazed & Infused (2010),low
Heavy Lifting,med
1492,med
Mango Ginger,med
Passenger,low
Plum St. Porter,med
Plum St. Porter,med
Bozone HopZone IPA,high
Bozone Hefe Weizen,med
Bozone Select Amber Ale,med
Evil Owl,med
Post Time Kölsch,low
Agave Wheat,low
SummerBright Ale,low
Lucky U IPA,med
Avalanche Ale,med
"You're My Boy, Blue",low
Last Stop IPA,high
Rollin Dirty Red Ale,low
Are Wheat There Yet?,med
Insert Hop Reference,med
Manitou Amber,med
Belfort,high
Star Runner,med
Tart Side of the Barrel,high
Linnaeus Mango IPA,med
Beasts A'Burnin',high
Verdun,high
Barrel Aged Triomphe,med
Cherry Doppelbock,med
Tropical Saison,med
Beach Patrol,med
Nuit Serpent,low
Paris,high
The Grand Army,med
Acidulated Trip,med
Root Stock,high
Mind Games,low
Sous Chef,high
Dubbelicious,med
Psychopomp,med
Fat Paczki,high
Earth-Like Planets,high
Ski Patrol,med
Viking Ice Hole,med
Rye Porter,med
Wizard Burial Ground,high
Smoky Wheat,med
BRIPA,med
Mela,med
W.I.P.A Snappa,med
Pepper in the Rye,med
Moe Lasses',med
Pumpkin Tart,high
Undertaker,high
Undertaker (2014),high
Coq D'Or,low
North French,med
Agent a Deux,med
Belgian Wit,low
Pothole Stout,med
Tree Bucket,high
Le Flaneur Ale,high
Maize & Blueberry,med
Trebuchet Double IPA,high
Contemplation,med
Black Rabbit,low
Zaison,high
Vivant Tripel,high
Tart Side of the Moon,high
Big Red Coq,med
Hubris Quadrupel Anniversary Ale,high
Plow Horse Belgian Style Imperial Stout,high
Escoffier Bretta Ale,high
Contemplation (2012),med
Vivant Belgian Style Imperial Stout (2012),high
Big Red Coq (2012),med
Zaison (2012),high
Vivant Tripel (2012),high
Trebuchet Double IPA (2012),high
Kludde,high
Farm Hand,med
Solitude,med
Triomphe,med
Tampa Pale Ale,high
Orange Grove Wheat Ale,high
Broad Brook Ale,med
Northern Lights Amber Ale,low
Polar Pale Ale,med
Chugach Session Ale,low
Fairweather IPA,med
East India Pale Ale,high
Brooklyn Summer Ale,low
East India Pale Ale,high
Brooklyn Summer Ale (2011),low
Brooklyn Lager (16 oz.),med
Brooklyn Lager (12 oz.),med
Tour de Nez Belgian IPA (Current),high
Roler Bock (Current),high
Black Adder IBA (Current),high
Very Noddy Lager (Current),high
Tule Duck Red Ale (Current),med
Original Orange Blossom Ale (Current),med
Black Noddy Lager (Current),med
Cleveland Beer Week 2013,med
Painted Turtle,low
1836,med
Summer's Wit,med
More Cowbell,high
Wrath of Pele,med
Black Beer'd,high
Mr. Tea,high
Pale Alement,med
Hopkick Dropkick,high
Kreamed Corn,med
Coconoats,med
Joey Wheat,high
3:33 Black IPA,high
MCA,high
Pale Alement,med
Couch Select Lager,low
Mucho Aloha Hawaiian Pale Ale,med
Heinnieweisse Weissebier,low
Snapperhead IPA,high
Moo Thunder Stout,low
Porkslap Pale Ale,low
Blackbeard,high
Rye Knot,med
Dead Arm,med
32°/50° Kölsch ,low
HopArt,high
Boy King,high
Gran Sport,med
Horny Toad Cerveza,med
Native Amber,med
F5 IPA,high
Native Amber (2013),med
Horny Toad Cerveza (2013),med
Hopportunity Knocks IPA,high
Pilot Rock Porter,med
Caldera Pale Ale,med
Lawnmower Lager,low
Ashland Amber Ale (2009),med
Caldera IPA (2009),med
Caldera IPA (2007),med
Caldera Pale Ale (2010),med
Caldera Pale Ale (2009),med
Caldera Pale Ale (2005),med
Caldera Pale Ale (2007),med
Caldera Pale Ale (2011),med
Ashland Amber Ale,med
Caldera IPA,med
Remain in Light,low
Flower Child (2014),med
THP White (2006),high
THP Amber (2006),high
THP Light (2006),high
THP Dark (2006),high
Imperial Pumpkin Stout,high
Dead-Eye DIPA,high
Fisherman's IPA,med
Fisherman's Pils,med
Fisherman's Brew,med
Cape Cod Red,med
Beach Blonde,low
Dark Voyage Black IPA (2013),med
Wisconsin Amber,med
Lake House,low
Ghost Ship White IPA,med
Lake House,low
Mutiny IPA,med
Wisconsin Amber (1998),med
Island Wheat,low
Wisconsin Amber (2013),med
U.S. Pale Ale,low
Supper Club Lager,high
Carolina Lighthouse (2007),low
Carolina Blonde (2006),low
Carolina Blonde Light (2005),low
Santa's Secret,med
Flagship IPA,med
Sky Blue Golden Ale,med
Epitome,high
Monkey Chased the Weasel,low
077XX,high
Boat Beer,low
Granny Smith Hard Apple Cider,high
Dry Hard Apple Cider,high
Farmer Ted's Cream Ale,med
Firewater India Pale Ale,med
White Zombie Ale,low
King Winterbolt Winter Ale,high
White Zombie Ale,low
Firewater India Pale Ale,med
Farmer Ted's Farmhouse Cream Ale,med
Whitecap Wit,low
Seiche Scottish Ale,high
Peanut Butter Jelly Time,med
King Coconut,med
Gone A-Rye,high
Special Release,high
Dankosaurus,high
Scruffy's Smoked Alt,med
Elliott's Phoned Home Pale Ale,med
The Lawn Ranger,low
All American Blonde Ale,low
All American Red Ale,low
Main St. Virginia Ale,low
Chin Music Amber Lager,low
Main St. Virginia Ale,low
Ray Ray’s Pale Ale,med
Chai Ale,med
Lucky Day IPA,high
Terrace Hill Double IPA,high
Catch 23,high
Stickin' In My Rye,high
Black Me Stout,med
Killer Kolsch,low
Missile IPA,high
Enlighten,low
Ale Cider,med
Pail Ale,med
Englishman,low
8 Barrel,high
Oktoberfest,med
IPA #11,med
Blood Orange Honey,med
Lighthouse Amber,med
Bay of Bengal Double IPA (2014),high
Churchkey Pilsner Style Beer,low
First Press,low
Magic Apple,low
Cubano Espresso,med
Operation Homefront,med
Wandering Pelican,high
Sugar Plum,med
Oktoberfest,med
Puppy's Breath Porter,med
Happening Now,low
Hopped on the High Seas (Hop #529),high
Hopped on the High Seas (Calypso),high
Wiregrass Post-Prohibition Ale,med
Dry-Hopped On The High Seas Caribbean-Style IPA,high
Hopped on the High Seas (Citra),high
Hopped on the High Seas (Ahtanum),high
Gwar Beer,med
Tropical Heatwave,med
Humidor Series India Pale Ale,high
Jai Alai IPA Aged on White Oak,high
José Martí American Porter,high
Invasion Pale Ale,low
Maduro Brown Ale,med
Maduro Brown Ale,med
Hotter Than Helles Lager,low
Tocobaga Red Ale,high
Jai Alai IPA,high
Florida Cracker Belgian Wit,low
Shark Tracker Light lager,low
Pumple Drumkin,med
Grey Lady,low
Summer of Lager,med
Indie Pale Ale,med
Sankaty Light Lager,low
Whale's Tale Pale Ale,med
Jacaranada Rye IPA,high
Cascadian Dark Ale,med
Wheat the People,low
Tybee Island Blonde,low
Savannah Brown Ale,med
Rhode Island Blueberry,low
Newport Storm IPA,med
Hurricane Amber Ale (2004),med
Hurricane Amber Ale,med
Big Blue Van,med
Des Moines IPA,high
Capital Gold Golden Lager,low
Farmer John's Multi-Grain Ale,med
Behemoth,low
Arkansas Red,med
Core Oatmeal Stout,med
Core ESB,med
Chester's Beer (2005),low
Heiner Brau Kölsch,low
Trigger Blonde Ale,low
Crabtree Oatmeal Stout,high
Eclipse Black IPA,high
Neomexicanus Native,med
Old Soul,high
Snowcat Coffee Stout,med
WinterWonderGrass Festival Ale,high
Boohai Red Ale,high
Lava Lake Wit,med
Mountain Livin' Pale Ale,med
Crazy Mountain Amber Ale,med
Tropicalia,med
Athena,low
Aviator Raspberry Blonde,low
3 Picket Porter,med
Rusty Nail Pale Ale,med
Red Water Irish Style Red,med
Mjöllnir,high
Bear Butte Nut Brown Ale,med
Easy Livin' Summer Ale,low
Canyon Cream Ale,med
Pile O'Dirt Porter,high
11th Hour IPA,med
South Ridge Amber Ale,med
Summertime Ale,med
Lost River Blonde Ale,low
Monon Wheat,med
Floyd's Folly,high
Half Court IPA,med
Geary's Pale Ale,low
Geary's Summer Ale,med
Stone of Arbroath,high
The Tradition,low
El Hefe Speaks,med
Penn Quarter Porter,med
On the Wings of Armageddon,high
The Corruption,med
The Citizen,high
The Public,med
Dank IPA,med
Dank IPA (2012),med
Lift Off IPA,high
BrewFarm Select Golden Lager,med
Sprocket Blonde Ale (2006),low
Sprocket Pale Ale (2006),low
Dead Armadillo Amber Ale,med
Neato Bandito,med
Oak Cliff Coffee Ale,high
Dream Crusher Double IPA,high
Deep Ellum Pale Ale,med
Double Brown Stout,high
Farmhouse Wit,low
Rye Pils Session Lager,low
Dallas Blonde,med
Deep Ellum IPA,high
Thrasher Session India Pale Ale,low
Gutch English Style Mild Ale,low
Chuli Stout,med
Mother Ale,med
Twister Creek India Pale Ale,med
Single Engine Red,med
Incredible Pedal IPA,high
Graham Cracker Porter,low
Mirror Pond Pale Ale,low
Weissenheimer,med
Abbey's Single (2015- ),low
Vertex IPA,med
Here Gose Nothin',low
Strawberry Blonde,low
Hoperation Overload,high
Abbey's Single Ale (Current),low
Bravo Four Point,low
Striped Bass Pale Ale,med
Deadicated Amber,med
Kaleidoscope Collaboration 2012,high
California Sunshine Rye IPA,high
Full Boar Scotch Ale,high
12 Man Pale Ale,low
Filthy Hoppin' IPA,med
Dock Street Amber Beer (1992),high
Dolores River Hefeweizen,high
Dolores River ESB,high
Snaggletooth Double Pale Ale,high
Dolores River Pale Ale,high
Dolores River Dry Stout,high
Dolores River Mild,high
Cranberry Blend,low
Orignal Blend,med
Hop Abomination,high
Apricot Blonde,med
Dry Dock Hefeweizen,low
Dry Dock Amber Ale,med
Category 3 IPA,med
Dundee Summer Wheat Beer,low
Pumpkin Patch Ale,low
Crank Yanker IPA,high
River Runners Pale Ale,med
Pumpkin Patch Ale (2012),low
Mountain Fairy Raspberry Wheat,med
Boater Beer,low
Crank Yanker IPA (2011),high
Bleeding Buckeye Red Ale,med
Dottie Seattle Lager,low
Nut Sack Imperial Brown Ale,high
Underachiever,low
Lil' Brainless Raspberries,med
Element 29,med
Hop Syndrome,low
Escape to Colorado,med
Little Sister India Style Session Ale,low
Country Boy IPA,med
Blonde Czich,low
White Reaper,high
Bobblehead,med
Lucky Dog,med
Voodoo,low
General George Patton Pilsner,med
Nomader Weiss,low
Molotov Lite,high
Hipster Ale (Two Roads Brewing),med
Bikini Beer,low
Hipster Ale (Westbrook Brewing),med
Iron Horse Pale Ale,low
Stone's Throw IPA,low
Wood Chipper India Pale Ale,high
Trail Head,med
Hop Stalker Fresh Hop IPA,high
Sudice American Stout,high
Parcae Belgian Style Pale Ale,low
Norns Roggenbier,low
Laimas Kölsch Style Ale,low
Moirai India Pale Ale,high
Loki Red Ale,high
Peaches & Cream,low
Quaff India Style Session Ale,med
Loki Red Ale (2013),high
Mjolnir Imperial IPA,high
Fearless Scottish Ale,low
Mastermind,high
Hyzer Flip,high
Second Fiddle,high
Hodad Porter,med
Weiss Weiss Baby,low
Czech Yo Self,med
FMB 101,low
Hardcore Chimera,high
Sobek & Set,high
Nuclear Winter,high
Wet Hot American Wheat Ale,low
Secret Stache Stout,med
Fascist Pig Ale,high
Cut Throat Pale Ale,med
Threadless IPA,high
Cut Throat Pale Ale (2011),med
Golden Wing Blonde Ale,low
Easy Jack,low
Union Jack,high
Pivo Pils,med
805 Blonde Ale,low
805,low
Deflator,med
Hinchtown Hammer Down,low
Half Cycle IPA,med
Inclined Plane Ale,high
Moped Traveler,med
Snake Dog IPA,high
Underdog Atlantic Lager,low
Flying Mouse 8,low
Flying Mouse 4,high
La Ferme Urbaine Farmhouse Ale,high
Backyahd IPA,med
Raincloud Robust Porter,med
Barstool American Golden Ale,low
What the Butler Saw,low
1916 Shore Shiver,high
Quick WIT,med
The Optimist,med
Suicide Squeeze IPA,low
Java the Hop,med
Next Adventure Black IPA,med
3-Way IPA (2013),high
Tender Loving Empire NWPA,med
Quick Wit Belgianesque Ale,med
Sunrise Oatmeal Pale Ale,med
Cavatica Stout,high
1811 Lager,med
Vortex IPA,high
Fort Pitt Ale,high
Park,low
Westfalia,med
KSA,low
Villager,med
Dirty Bastard,high
Centennial IPA,high
All Day IPA,low
El Chingon IPA,high
Block Party Robust Porter,med
Local Buzz,med
Feel Like Maplin' Love,med
Father's Beer,low
The 26th,med
The Gadget,med
Leprechaun Lager,low
Sunbru Kölsch,med
Kilt Lifter Scottish-Style Ale,med
Pumpkin Porter,med
Four Peaks Peach Ale,low
Hop Knot IPA,high
Kilt Lifter Scottish-Style Ale (2009),med
Sunbru Kölsch,med
Four String Vanilla Porter,med
Suncaster Summer Wheat,low
Brass Knuckle Pale Ale,med
Big Star White IPA,high
Old Detroit,med
Batch 69 IPA,high
Twisted Helles Summer Lager,med
OktoberFiesta,med
Texicali ,med
Pinata Protest,med
Bat Outta Helles,low
Original,high
Rye Wit,low
Soul Doubt,med
Yo Soy Un Berliner,low
77 Fremont Select Spring Session IPA,low
Fremont Organic Pale Ale,low
Abominable Ale,high
Harvest Ale,med
Fremont Summer Ale,med
Universale Pale Ale,med
Interurban IPA,med
Gateway Kolsch Style Ale,med
Wee-Heavy-Er Scotch Ale,high
13 Rebels ESB,med
Salamander Slam,high
Cack-A-Lacky,low
No Wake IPA,high
Boathouse Blonde,low
Cedar Point,low
Clean Shave IPA,high
Might As Well IPL,high
Saison Pamplemousse,med
2020 IPA,high
Wolf Among Weeds IPA,high
Better Weather IPA,high
Point the Way IPA,med
Golden Road Hefeweizen,low
Heal the Bay IPA,high
Point the Way IPA,med
Cabrillo Kölsch,low
Get Up Offa That Brown,med
Burning Bush Smoked IPA,high
Wolf Among Weeds IPA (2012),high
Point the Way IPA (2012),med
Golden Road Hefeweizen (2012),low
Vanilla Porter,high
Descender IPA,high
Sweet As Pacific Ale,med
Good People Pale Ale,med
Snake Handler Double IPA,high
Coffee Oatmeal Stout,med
Good People IPA,med
Good People American Brown Ale,med
Mountain Rescue Pale Ale,med
Goose Island India Pale Ale,med
312 Urban Pale Ale,med
312 Urban Pale Ale,med
312 Urban Wheat Ale,low
312 Urban Wheat Ale,low
312 Urban Wheat Ale (2012),low
Beaver Logger,med
White Water Wheat,low
Grand Canyon American Pilsner,med
Grand Canyon Sunset Amber Ale,med
Black Iron India Pale Ale,high
Monarch Classic American Wheat,low
Sir William's English Brown Ale,low
Lakefire Rye Pale Ale,med
Beer Agent Re-Ignition,med
Cherry Ale,med
Bourbon Barrel Aged Coconut Porter,med
Great Crescent IPA,med
Aurora Lager,med
Great Crescent Blonde Ale,med
Great Crescent Coconut Porter,med
Great Crescent Oktoberfest Lager,med
Great Crescent Brown Ale,low
Cherry Ale (1),med
Aurora Lager (2011),med
Frosted Fields Winter Wheat,med
Great Crescent Belgian Style Wit,med
Bourbon's Barrel Stout,high
Great Crescent Stout,high
Great Crescent Coconut Porter (2012),med
Great Crescent Dark Lager,med
Great Crescent Mild Ale,low
Great Crescent IPA (2011),med
Great Crescent Blonde Ale (2011),med
Denver Pale Ale (Artist Series No. 1),low
Hibernation Ale,high
Whitewater,med
Rumble,high
Orabelle,high
Lasso,low
Yeti  Imperial Stout,high
Colette,high
Titan IPA,high
Black Star Double Hopped Golden Lager (24 oz.),low
Black Star Double Hopped Golden Lager (12 oz.),low
Commotion APA,med
Southern Drawl Pale Lager,med
Chickawawa Lemonale,low
Barrel Aged Farmer,high
Great River Golden Ale,low
Dirty Blonde Chocolate Ale,low
Dos Pistolas,low
Owney Irish Style Red Ale,low
Aaah Bock Lager,med
Widespread Wit,med
Roller Dam Red Ale,med
483 Pale Ale,med
Hop A Potamus Double Dark Rye Pale Ale,high
Farmer Brown Ale,high
Big Cock IPA,high
Oktoberfest,med
40th Annual Bix Street Fest Copper Ale (Current),low
Redband Stout,med
483 Pale Ale (2010),med
Roller Dam Red Ale (2010),med
Pablo Beach Pale Ale,low
Wild Trail Pale Ale,med
Mothman Black IPA,high
Autumn Winds Fest Beer,med
Captain's Daughter,high
Autumn Winds,med
Flying Jenny Extra Pale Ale,med
Hazy Day Belgian-Style Wit,low
Bring Back the Beach Blonde Ale,med
Leaning Chimney Smoked Porter,med
Flying Jenny Extra Pale Ale (2012),med
Flagship Ale,low
Mr. Blue Sky,low
3 Scrooges,med
Screamin’ Pumpkin,low
Grand Trunk Bohemian Pils,low
El Rojo,med
Norm's Raggedy Ass IPA,high
Grind Line,low
Norm's Gateway IPA,low
Lemon Shandy Tripel,high
Little Red Cap,med
Supergoose IPA,high
Hale's Pale American Ale,low
Heyoka IPA,high
Guest Lager,high
Pony Pilsner,med
Akari Shogun American Wheat Ale,med
Meat Wave,med
Over Ale,med
Gossamer Golden Ale,low
Daisy Cutter Pale Ale,med
Pursuit,high
Half Full Bright Ale,med
Orange Wheat,low
Hangar 24 Helles Lager,low
The Great Return,high
Hardywood Cream Ale,low
Capital Trail Pale Ale,med
UFO Gingerland,med
The Long Thaw White IPA,med
Honey Cider,low
Harpoon Summer Beer,low
Harpoon IPA,med
UFO Pumpkin,med
Harpoon Octoberfest,med
Harpoon IPA (2012),med
Harpoon Summer Beer (2012),low
UFO White,low
Harpoon Summer Beer (2010),low
Harpoon IPA (2010),med
Great Falls Select Pale Ale,high
Beltian White,low
Kaua'i Golden Ale,low
Sunset Amber,med
Hapa Brown Ale,med
Hapa Brown Ale,med
Southern Cross,high
Groupe G,high
Pt. Bonita Rustic Lager,med
Hill 88 Double IPA,high
Loose Cannon,high
AARGHtoberfest!,med
Davy Jones Lager,med
Grazias,med
Habitus IPA,high
Ex Umbris Rye Imperial Stout,high
The Golden One,med
The Power of Zeus,high
Tonganoxie Honey Wheat,low
Oregon Trail Unfiltered Raspberry Wheat,low
Annie's Amber Ale,med
The 12th Can™,low
Hilliard's Pils,med
Hilliard's Blonde,low
Hilliard's Amber Ale,med
Hilliard's Saison,high
White Cap White IPA,low
Provision,low
One Nut Brown,low
Hop Farm IPA,med
Double D Blonde,low
Festeroo Winter Ale,high
Proxima IPA,med
Double D Blonde (2013),low
541 American Lager,low
Alphadelic IPA,med
Alphadelic IPA (2011),med
Double D Blonde (2011),low
Green House India Pale Ale,high
The One They Call Zoe,med
Alteration,med
Pale Dog,med
Porter Culture,med
Hard Cider,high
Totally Radler,low
Nonstop Hef Hop,low
Nonstop Hef Hop,low
Nonstop Hef Hop,low
Nonstop Hef Hop,low
Nonstop Hef Hop,low
Nonstop Hef Hop,low
Nonstop Hef Hop,low
Nonstop Hef Hop,low
Nonstop Hef Hop,low
Nonstop Hef Hop,low
Nonstop Hef Hop,low
Nonstop Hef Hop,low
Rise Up Red,med
Survival Stout,med
Hopworks IPA,high
Abominable Winter Ale,high
Pigwar White India Pale Ale,med
Rise-Up Red (2014),med
Abominable Winter Ale (2012),high
HUB Lager,med
Hopworks IPA (2012),high
Watermelon Wheat,med
Laka Laka Pineapple,med
Oktoberfest,med
Trail Maker Pale Ale,med
Action Man Lager,med
Let It Ride IPA,high
Stir Crazy Winter Ale,med
Sweet Yamma Jamma Ale,low
Shenanigans Summer Ale,low
Midnight Ryder,med
Day Tripper Pale Ale,med
Oklahoma Suks,low
Power & Light,med
White Rabbit ,med
Tribute,med
Infamous IPA,high
Hijack,med
Jon Boat Coastal Ale,low
I-10 IPA,high
People's Pale Ale,med
Summer Ale,low
Appreciation Ale,high
House Lager,med
Leisure Time,low
Excess IPL,high
Hoponius Union,high
Calyptra,low
Helen's Blend,low
Jack's Hard Cider,med
Thunder Ann,med
Razz Wheat,med
Hop Ryot,med
Mystic Mama IPA,high
Firefly Amber Ale,low
Chomolungma Honey Nut Brown Ale,high
Welcome to Scoville,high
Bastian,high
Healani,low
Yabba Dhaba Chai Tea Porter,med
A Capella Gluten Free Pale Ale,med
Casper White Stout,med
JP's Ould Sod Irish Red IPA,med
Weize Guy,low
Fox Tail Gluten Free Ale,low
Hop Box Imperial IPA,high
Joseph James American Lager,med
Sucha Much IPA,high
Lewbricator Wheat Dopplebock ,high
Weisse Versa (2012),med
Mother in Lager,med
Weekend Warrior Pale Ale,med
Karbachtoberfest,med
Love Street Summer Seasonal (2014),low
Barn Burner Saison,high
Rodeo Clown Double IPA,high
Sympathy for the Lager,low
Weisse Versa,med
Hopadillo India Pale Ale,high
KelSo Nut Brown Lager,med
KelSo India Pale Ale,med
KelSo Pilsner,med
Skilak Scottish Ale,med
Peninsula Brewers Reserve (PBR),low
Sunken Island IPA,high
Skilak Scottish Ale (2011),med
Cold Smoke Scotch Ale (2007),med
Double Haul IPA (2009),med
Double Haul IPA (2006),med
Eddy Out Pale Ale,med
Double Haul IPA,med
Cold Smoke Scotch Ale,med
U. P. Witbier,high
November Gale Pale Ale,high
Olde Ore Dock Scottish Ale,high
Widow Maker Black Ale,high
Lift Bridge Brown Ale,high
Pick Axe Blonde Ale,high
Red Jacket Amber Ale,high
Amber Ale,med
King Street Pilsner,med
King Street IPA,med
King Street Hefeweizen,med
King Street Blonde Ale,low
India Pale Ale,med
Blackberry Wheat,low
Longboard Island Lager,low
Longboard Island Lager,low
Longboard Island Lager,low
Longboard Island Lager,low
Choc Beer (2003),low
Bellingham Beer Week 2013 Collaboration,high
A Slice of Hefen,med
Elevated IPA,high
Rumspringa Golden Bock,high
Lancaster German Style Kölsch,low
Beach Cruiser,low
I.P. Eh!,high
Schoolhouse Honey,low
10 Degrees of Separation,med
Laughing Dog Cream Ale,low
Two-One Niner,low
Laughing Dog IPA,med
Madra Allta,med
Duluchan India Pale Ale,med
Lazy Monk Bohemian Pilsner,low
Yellowstone Golden Ale,med
Tumbleweed IPA,med
Lewis & Clark Amber Ale,low
Miner's Gold Hefeweizen,low
Back Country Scottish Ale,med
Getaway,med
Farm Girl Saison,med
Adam's Stout,med
American Hero,med
Schweet Ale,med
Irregardless IPA,med
Peach Pale Ale,med
Deadeye Jack,med
Pistols at Dawn,high
Peacemaker Pale Ale,med
Shotgun Betty,med
Sweet Josie,med
Long Trail IPA,med
Long Trail Ale,low
Double Bag,high
Blackbeary Wheat,low
Long Trail Ale (1),low
Gose,low
Vermont Pilsner,low
Mosaic Single Hop IPA,med
Lost Galaxy,low
Face Plant IPA,med
Rhino Chasers Pilsner,med
Slow Hand Stout,med
Hips Don't Lie,med
Ride Again Pale Ale,med
The Farmer's Daughter,low
Pub Ale,low
Ballistic Blonde,med
Knotty Pine,med
Lumberyard Pilsner,med
Lumberyard IPA,med
Lumberyard Red Ale,med
Mac's Highlander Pale Ale (2000),low
Mac's Scottish Style Amber Ale (2000),med
Macon Progress Ale,low
Macon History Ale,med
Galaxy High,high
Sol Drifter,low
Thunder Snow,high
The Great Pumpcan,high
LIFT,low
SPRYE,low
Psychopathy,high
Gnarly Brown,high
Happy Amber,med
#9,med
Elder Betty,med
#9,med
High Country Pilsner (Current),low
Epic IPA,med
Golden Trout Pilsner,low
Real McCoy Amber Ale (Current),low
Festivus (1),high
Manayunk Oktoberfest,high
Belgian Style Session Ale,low
Manayunk IPA,med
Yunkin' Punkin',med
Summer Paradise,low
Monk from the 'Yunk,high
Schuylkill Punch,med
Dreamin' Double IPA,high
Chaotic Double IPA,high
Manzanita IPA,high
Riverwalk Blonde Ale,med
Gillespie Brown Ale,high
Manzanita Pale Ale,high
Marble Pilsner,low
Marble India Pale Ale,med
Toughcats IPA,high
Tug Pale Ale,low
Sexy Chaos,high
Ace Hole American Pale Ale,med
Cant Dog Imperial Pale Ale,high
River House,low
Pretzel Stout,med
Rubberneck Red,low
The Imperial Texan,high
The Imperial Texan,high
Day Break 4-Grain Breakfast Beer,low
River House Saison,low
There Will Be Stout,med
Our Legacy IPA,med
Saranac Shandy,low
Our Legacy IPA,med
Saranac Golden Pilsener (2003),med
Saranac Adirondack Light (2002),low
DAX Light (1998),low
Saranac Traditional Lager (2000),low
Pomegranate Wheat (2008),low
Blueberry Blonde Ale,low
Saranac White IPA,med
Saranac Summer Ale (2011),low
Saranac Pale Ale (12 oz.),med
Saranac Pale Ale (16 oz.),med
Lahaina Town Brown,med
Pau Hana Pilsner,med
Lemongrass Saison,low
Aloha B’ak’tun,high
Liquid Breadfruit,high
Sobrehumano Palena'ole,med
La Perouse White,low
Flyin' HI.P.Hay,high
Mana Wheat,med
Bikini Blonde Lager,low
CoCoNut Porter,med
Big Swell IPA,med
Pit Stop Chocolate Porter,low
Pace Setter Belgian Style Wit,low
Back in the Saddle Rye Pale Ale,low
Bushwhacker Cider,high
Weim-R-Iner,high
Cherry Bomb,high
Tsunami IPA,high
Tsunami IPA,high
Humpback Blonde Ale,low
Hawaiian Crow Porter,med
Volcano Red Ale,med
Mauna Kea Pale Ale,med
Shark Bait,med
Gator Tail Brown Ale,med
Miami Vice IPA,high
Big Rod Coconut Ale,med
Mickey Finn's Amber Ale,med
Pleasure Town,med
Pleasure Town IPA,med
Snowshoe White Ale,low
Kodiak Brown Ale,low
Sockeye Red IPA,med
Habitus (2014),high
Solis,high
Jucundus,med
Habitus,high
Grazias,med
Claritas,med
Vinyl Frontier,high
Disco Superfly,high
Misty Mountain Hop,high
One-Hit Wonderful,high
En Parfaite Harmonie,med
Daft Funk,low
Love In An Ellavator,high
Spin Doctor,med
Keeper (Current),low
Better Half,high
SNO White Ale,low
BRIK Irish Red Ale,low
AXL Pale Ale,high
Hop Freak,high
Louie's Demise Amber Ale,med
Hop Happy,high
Booyah Farmhouse Ale,med
O-Gii,high
Flaming Damsel Lager (2010),low
Louie’s Demise Immort-Ale (2010),med
Axe Head Malt Liquor,high
Huber Bock (2014),med
Minhas Light (2012),low
Huber,low
Clear Creek Ice,med
Clear Creek Ice,med
Mountain Crest,med
Mountain Crest,med
Mountain Creek (2013),med
Boxer,low
Boxer Light,low
Boxer Ice,med
Boxer,low
Cortez Gold,low
Mission IPA,high
El Conquistador Extra Pale Ale,low
Shipwrecked Double IPA,high
Squeaky Bike Nut Brown Ale,low
Dead Horse Amber,low
Rocket Bike American Lager,low
Johnny's American IPA,low
Boneshaker Brown Ale,med
Iron Mike Pale Ale,med
Monkadelic,low
City of the Sun,high
Booming Rollers,high
Oneida,med
Aurora ,high
Lomaland,med
Fortunate Islands,low
Black House,med
Blazing World,med
Wapiti Amber Ale,low
Sweet Georgia Brown,med
Rich Man's IIPA,high
Monkey Paw Oatmeal Pale Ale,med
Montauk Summer Ale,med
Driftwood Ale,med
When Helles Freezes Over,med
Morgan Street Oktoberfest,low
Honey Wheat,low
Black Bear Dark Lager,low
Golden Pilsner,low
Cali Creamin',med
Second Wind Pale Ale,low
Sunny Haze,low
Towhead,med
Lil' Helper,high
Train Wreck,high
Full Moon Belgian White Ale,high
Desert Magic IPA,high
Up River Light,low
Full Moon Belgian White Ale (2007),high
Dry Heat Hefeweizen (2006),med
Mustang Sixty-Six,low
Mustang '33,low
Session '33 (2011),low
Mustang Golden Ale,med
Washita Wheat,med
Gansett Light,low
Bohemian Pils,med
Autocrat Coffee Milk Stout,med
Narragansett Bohemian Pilsner,high
Narragansett Summer Ale,low
Narragansett Cream Ale,low
Narragansett Summer Ale,low
Narragansett Porter,high
Narragansett Bock,med
Narragansett Fest Lager,med
Undun Blonde Ale,med
CuDa Cascadian Dark Ale,high
Old Grogham Imperial India Pale Ale,high
Old Grogham Imperial India Pale Ale (2012),high
CuDa Cascadian Dark Ale (2012),high
Undun Blonde Ale (2012),med
Wick For Brains,med
Nebraska India Pale Ale,med
EOS Hefeweizen,low
Brunette Nut Brown Ale,low
Cardinal Pale Ale,med
County Line IPA,high
Trauger Pilsner,low
Slow Ride,low
Ranger IPA,med
Shift,low
1554 Black Lager,med
Blue Paddle,low
California Route,med
Snapshot,med
Sunshine Wheat Beer,low
Fat Tire Amber Ale,med
Shift (1),low
Fat Tire Amber Ale (2011),med
Shift,low
Ranger IPA,med
Fat Tire Amber Ale,med
Ranger IPA (Current),med
Sunshine Wheat Beer (2009),low
Fat Tire Amber Ale (2008),med
Weiss Trash Culture,low
Sea Hag IPA,med
Elm City Pilsner,low
Atlantic Amber Ale (2004),low
668 Neighbor of the Beast12 oz.,high
Gandhi-Bot Double IPA (12 oz.),high
668 Neighbor of the Beast (16 oz.) (2010),high
Gandhi-Bot Double IPA (16 oz.) (2010),high
Elm City Lager (2007),low
Atlantic Amber Ale (2007),low
Sea Hag IPA (Current),med
Rebirth Pale Ale,low
Irish Channel Stout,high
MechaHopzilla,high
Hopitoulas IPA,med
NOLA Brown Ale,low
NOLA Blonde Ale,low
Skylight,med
Kadigan,med
Dammit Jim!,med
Nut Brown Ale,med
White Ale,low
Cream Ale,low
Green Head IPA,high
Plum Island Belgian White,med
Newburyport Pale Ale,med
Marblehead,med
Jam Session,med
Hop Drop 'N Roll IPA,high
Paleo IPA,med
Buck Snort Stout,med
Station 33 Firehouse Red,med
Slimy Pebble Pils,low
Get Together,low
Maggie's Leap,low
Wall's End,low
Pumpion,med
Stronghold,med
Parapet ESB,med
Blue Boots IPA,high
Hoppy Bitch IPA,med
Three Skulls Ale Pale Ale,med
Walter's Premium Pilsener Beer,low
Floppin' Crappie,low
Left of the Dial IPA,low
Notch Session Pils,low
O'Fallon Pumpkin Beer,med
5 Day IPA,med
O'Fallon Wheach,med
Watershed IPA,high
Oakshire Amber Ale,med
Overcast Espresso Stout,med
Watershed IPA (2013),high
Lake Monster,high
London Homesick Ale,low
Luchesa Lager,low
Slow Ride,low
Occidental Hefeweizen,low
Occidental Dunkel,med
Occidental Altbier,low
Occidental Kölsch,low
Perpetual Darkness,high
Clan Warrior,high
Psycho Penguin Vanilla Porter,med
Heliocentric Hefeweizen,low
Ghose Drifter Pale Ale,med
Ghost Rider Pale Ale (2013),med
Helios Hefeweizen (2013),low
The Hole in Hadrian's Wall,high
33 Select Brown Ale,med
Midwest Charm Farmhouse Ale,med
Boji Blue Pale Ale,low
Winter Games Select #32 Stout,med
Boji Beach Golden Rye Ale,low
Hopsmith Pale Lager,med
Falling Down Brown Ale,med
Resolution Rye Stout,high
Plowshare Porter,med
Old Forge Pumpkin Ale,low
Endless Sun Ale,low
Celestial Blonde Ale,med
Overbite IPA,high
T-Rail Pale Ale,med
Endless Summer Ale (2011),low
Clem's Gold,med
Lizzy's Red,med
Orlison India Pale Lager,high
Brünette,low
Havanüther,low
Lyric Ale,med
Atalanta,med
Pinner Throwback IPA,low
Centennial State Pale Ale,med
Old Chub NITRO,high
The CROWLER™,high
CAN'D AID Foundation,high
Icey.P.A.,high
One Nut Brown,low
Birth IPA,high
Dale's Pale Ale,med
Dale's Pale Ale,med
Mama's Little Yella Pils,med
oSKAr the G'Rauch,high
oSKAr the G'Rauch,high
Dale's Pale Ale,med
The Deuce,high
Dale's Pale Ale (10 Year Anniversary),med
Dale's Pale Ale (2012),med
Gordon Imperial Red (2010),high
Dale's Pale Ale (2011),med
Dale's Pale Ale (2010),med
G'KNIGHT (16 oz.),high
15th Anniversary Abbey Ale (2012),high
Chaka,high
HGH (Home Grown Hops): Part Duh,high
Deviant Dale's IPA,high
One Hit Wonder,high
G'KNIGHT (12 oz.),high
Ten Fidy Imperial Stout,high
Mama's Little Yella Pils,med
GUBNA Imperial IPA,high
Old Chub,high
Gordon Ale (2009),high
Dale's Pale Ale,med
Gordon (2005),high
Ten Fidy Imperial Stout (2008),high
Ten Fidy Imperial Stout (2007),high
Old Chub (2008),high
Old Chub (2004),high
Old Chub (2003),high
Dale's Pale Ale (2008),med
Dale's Pale Ale (2006),med
Dale's Pale Ale (2004),med
Dale's Pale Ale (2003),med
Dale's Pale Ale (2002),med
Leroy (2005),med
Gordon Beer (2006),high
G'KNIGHT,high
Ten Fidy,high
Deviant Dale's IPA,high
Old Chub,high
Dale's Pale Ale,med
Dale's Pale Ale,med
Fresh Slice White IPA,med
Overgrown American Pale Ale,med
Ozark American Pale Ale,low
Hula Hoppie Session IPA,low
Dirty Hippie Dark Wheat,med
Rustic Red,med
Stimulator Pale Ale,med
Old Town Ale,low
Car 21,low
Cache La Porter,low
Rodeo Rye Pale Ale,low
Outlaw IPA,med
North Fork Lager,low
Payette Pale Ale,low
Mutton Buster,med
Side Kick Kölsch,low
Fresh Cut Pilsner,low
Summer Session Ale,low
Lobo Lito,low
Robert Earl Keen Honey Pils,low
Mound Builder IPA,med
Amazon Princess IPA,med
Farmer's Daughter Wheat,low
People's Pilsner,low
Hotbox Brown,med
Gold,low
Black,med
98 Problems (Cuz A Hop Ain't One),med
Veteran’s Pale Ale (VPA),low
Grapefruit IPA,low
Pete's ESP Lager (1998),med
Pete's Wicked Summer Brew (1995),low
Pete's Wicked Bohemian Pilsner (1997),low
Pete's Wicked Pale Ale (1997),high
Pete's Wicked Summer Brew (2002),low
Pete's Wicked Summer Brew (1997),low
Pete's Wicked Summer Brew (1996),low
Sparkle,low
North 45 Amber Ale,med
Horny Monk,high
Mind's Eye PA,high
Camelback,med
Local 5 Pale Ale,med
Devils Head Red Ale,high
Elephant Rock IPA,high
Black Bay Milk Stout,low
Atom Splitter Pale Ale,low
Hot Date Ale,med
Masked Bandit IPA,high
Sweet Potato Ale,med
Float Trip Ale,low
Old Tom Porter,med
Black Walnut Wheat,low
McKinney Eddy Amber Ale,med
Missouri Mule India Pale Ale,high
Blood of the Unicorn,med
GreyBeard™ IPA,high
Pisgah Pale Ale,med
PONTO S.I.P.A.,low
Chronic Ale,low
Swami's India Pale Ale,high
New Cleveland Palesner,low
Mazzie,med
Big Chuck Barleywine,high
Ponderosa IPA,high
Liquid Amber Ale,high
Morning Wood Wheat (Current),med
Hideout Helles,high
Dead Eye Dunkel,med
Peacemaker Pilsner,med
Over the Rail Pale Ale,med
Pallavicini Pilsner (2009),med
Morning Wood Wheat (Current),med
Pyramid Hefeweizen (2011),med
Haywire Hefeweizen (2010),med
Golden Fleece,low
Smoking Mirror,med
Rahr's Blonde,low
Pride of Texas Pale Ale,med
18th Anniversary Gose,low
White (2015),low
BLAKKR,high
Firemans #4 Blonde Ale (2013),med
The Sword Iron Swan Ale,med
Hans' Pils (2015),med
Four Squared (2015),med
Firemans #4 Blonde Ale (2015),med
Watership Brown Ale,high
Gangway IPA,med
Long Day Lager,low
Farmer's Daughter Blonde,med
Pump House IPA,med
Suicide Blonde IPA,high
Vanilla Porter,low
Honey Rye,med
Happy Cider,med
Long Hammer IPA,med
Long Hammer IPA,med
Copper Hook (2011),med
Nectar of the Hops,high
Sunshine Nectar,high
Black Raspberry Nectar,high
Blood Orange Wit,low
Consilium,low
Hammer & Sickle,high
Redacted Rye IPA,high
Elevation Triple India Pale Ale,high
5:00 O'Clock Afternoon Ale,low
Ryeteous Rye IPA (2012),high
Stout Ol' Friend,med
Stout Ol' Friend (2012),med
Rye Porter,high
Miner's Gold,low
Vienna Lager,low
Jessie's Garage,med
Colorado Red Ale,med
Miner's Gold,high
Fist City,med
A Little Crazy,high
Rosa Hibiscus Ale,med
Fistmas Ale,med
Oktoberfest Revolution,med
Eugene Porter,high
Anti-Hero IPA,med
Bottom Up Belgian Wit,low
Hustle,med
Pure Fury,med
Dad,med
Panther,med
Franz,med
Zen,low
Truth,high
Cougar,low
Smooth Operator,low
Gose,low
Maine Island Trail Ale,low
River North White Ale,low
River North Ale,low
Lil SIPA,low
Hop Bomber Rye Pale Ale,med
Jah Mon,low
Oktoberfest,med
Headless Wylie,high
Dayman IPA,low
All Aboard! Anniversary Stout,high
Hop Lace,med
OH-PA Session Pale Ale,low
Patrick's Poison,high
Rudolph's Red,high
Babbling Blonde,med
Maxwell's Scottish Ale,med
Grateful White,med
RT Lager,med
Old Wylie's IPA,med
Hala Kahiki Pineapple Beer,low
Track 1 Amber Lager,low
Pine Knob Pilsner,med
Cal and Co. Black Cherry Porter,high
Lazy Daze Lager,med
Rochester Red Ale,med
Milkshake Stout,low
Cornerstone IPA,high
Lazy Daze Lager,med
Rogue American Amber Ale,med
12th Round,high
RoughTail IPA,high
Polar Night Stout,high
Sundown,high
Sanctified,high
Fear of a Brett Planet,med
Original Slacker Ale,med
Alpha Blackback,high
Kiss Off IPA,med
Dog Days Summer Ale,low
1881 California Red,med
CAPT Black IPA,high
Ruhstaller's Gilt Edge Lager Beer,low
CAPT Black IPA,high
1881 California Red Ale,med
Saint Archer White Ale,low
Saint Archer IPA,high
Saint Archer Pale Ale,med
Saint Archer Blonde,low
Sex Panther,high
Winter Warmer (Vault Series),high
Count Hopula (Vault Series),high
Oktoberfest,med
SunSpot Golden Ale,low
I.W.A. (2011),med
Supermonk I.P.A.,med
Epicenter Amber Ale,med
SanTan HefeWeizen,low
Hop Shock IPA,high
Sex Panther (2014),high
Devil’s Ale,med
Rail Slide Imperial Spiced Ale,high
Mr. Pineapple,low
American Idiot Ale (2012),med
Hop Shock IPA (2010),high
SanTan HefeWeizen (2010),low
Devil’s Ale (2010),med
Epicenter Amber Ale (2010),med
Sanitas Saison Ale,med
Sanitas Black IPA,high
Giant DIPA,high
Dread Brown Ale,med
Casinos IPA,high
Saison 88,med
Black IPA,high
Santa Fe Irish Red Ale,low
Santa Fe Oktoberfest,high
Imperial Java Stout,high
Freestyle Pilsner,med
Happy Camper IPA,high
Oval Beach Blonde Ale,low
Oak Aged Cider,med
Ginger Cider,med
Schilling Hard Cider,med
Schlafly Yakima Wheat Ale,low
Schlafly Black Lager,low
Schlafly IPA,low
Schlafly American Brown Ale,low
Schlafly Hefeweizen,low
Schlafly Summer Lager,low
Sea Dog Wild Blueberry Wheat Ale,low
Blur India Pale Ale,high
Dry Cider,med
Dry Hard Cider,med
Frankenlou's IPA,high
Becky's Black Cat Porter,high
Seventh Son of a Seventh Son,high
Stone Fort Brown Ale,med
Seventh Son Hopped Red Ale,high
Humulus Nimbus Super Pale Ale,med
Golden Ratio IPA,high
Black Hop IPA,high
Archer's Ale (2004),low
Monkey Fist IPA,high
Shipyard Summer Ale,med
Pumpkinhead Ale,low
Shipyard Export,med
Nooner,med
Torpedo,high
Yonder Bock,med
CANfusion Rye Bock,med
Sierra Nevada Pale Ale,med
Old Chico Crystal Wheat,low
Summerfest,low
Torpedo,high
Sierra Nevada Pale Ale,med
Sietsema Red Label,high
Bear Ass Brown,low
Red Mountain Ale,med
Ice Pick Ale,high
4Beans,high
Jammer,low
Abigale,high
Rad,low
Bengali,med
Sensi Harvest,low
Hi-Res,high
Global Warmer,high
Autumnation (2013),high
The Crisp,med
Sweet Action,med
Righteous Ale,med
Bengali Tiger,med
3Beans,high
Brownstone,med
Apollo,med
Harbinger,low
Resin,high
Diesel,med
Autumnation (2011-12) (2011),med
The Crisp (2011),med
Sweet Action (2011),med
Righteous Ale (2011),med
Bengali Tiger (2011),med
Rudie Session IPA,low
Taster's Choice,high
Modus Hoperandi,high
Estival Cream Stout,med
Vernal Minthe Stout,med
Hibernal Vinifera Stout,high
Autumnal Molé Stout,high
Mexican Logger,low
True Blonde Ale,med
Euphoria Pale Ale,med
ESB Special Ale,med
Modus Hoperandi,high
Iron Butt Red Ale,med
Initial Point India Pale Ale,high
Monkey Dancing On A Razor Blade,high
Tripel Deke,high
Urban Wilderness Pale Ale,low
Homefront IPA,med
Sly Fox Christmas Ale 2013,med
Grisette,med
360° India Pale Ale,med
Helles Golden Lager,low
Sly Fox Christmas Ale 2012 (2012),med
Odyssey Imperial IPA,high
Oktoberfest Lager,med
113 IPA,high
Dunkel Lager,med
Royal Weisse Ale,med
Pikeland Pils,low
Phoenix Pale Ale,med
Rule G IPA,high
Murphy's Law,med
Alter Ego ,med
Monarch Pilsner,low
Snow King Pale Ale,med
Zonker Stout,med
OB-1 Organic Ale,low
Snake River Lager,low
Snake River Pale Ale,med
Pako’s EyePA,high
Thanksgiving Ale,low
Double Dagger Imperial IPA,high
Dagger Falls IPA,med
Dagger Falls IPA,med
Socktoberfest,med
Hopnoxious Imperial IPA,high
Barrel Aged Seven Devils Imperial Stout,high
Boise Co-Op Two Score Ale,med
Sockeye Belgian Style Summer Ale,low
Sockeye Maibock,med
Old Devil's Tooth,high
Galena Golden,low
Hell-Diver Pale Ale,med
Woolybugger Wheat,low
Power House Porter,med
Winterfest,high
Dagger Falls IPA,med
LuckenBock,high
Texas Pale Ale (TPA),med
6 String Saison,high
Kol' Beer,low
Montauk Light,low
Na Zdraví Pilsner,low
Nice Rack IPA,med
2014 IPA Cicada Series,high
Sinister Minister Black IPA,high
Jack the Sipper,med
Devil's Harvest Extra Pale Ale,med
Suzy B Dirty Blonde Ale,low
Mississippi Fire Ant,high
Hipster Breakfast,med
Suzy B Dirty Blonde Ale,low
Devil's Harvest Extra Pale Ale,med
Pine Belt Pale Ale,med
Walloon,med
Le Mort Vivant,high
Red Cockaded Ale,high
Valkyrie Double IPA,high
Red Cockaded Ale (2013),high
Old Potentate,high
Bombshell Blonde,low
PRO-AM (2012) (2012),high
Walloon (2014),med
Le Mort Vivant (2011),high
Buried Hatchet Stout,high
Pine Belt Pale Ale,med
Bombshell Blonde,low
Baby Daddy Session IPA,low
Hopluia (2004),high
Ball & Chain (2014),med
Bitter Biker Double IPA,high
God Damn Pigeon Porter,high
Working for the Weekend,high
Angry Adam,med
Freedom Fries,med
Bitter Biker Double IPA,high
Ghost Bike Pale Ale,high
Spiteful IPA,med
Alley Time,med
Fat Badger,med
In the Weeds,med
Special Amber,low
Special Amber,low
Seven Gates Pale Ale,med
Gunga Din,med
Starr Pils,low
Northern Lights India Pale Ale,med
Festie,low
Northern Lights India Pale Ale,med
Third Eye Enlightened Pale Ale,med
Colorado Kölsch,low
Steam Engine Lager,med
Third Eye Pale Ale,med
Point Special (Current),low
Point Special,low
Point Cascade Pale Ale (2013),med
Point Special,low
Onyx Black Ale,med
Beyond The Pale IPA,med
Point Special (2013),low
Point Special (2012),low
Point Special Lager,low
St. Benedict's Winter Ale,med
Point Oktoberfest,med
Point Nude Beach Summer Wheat,med
Point Nude Beach Summer Wheat,low
Point Nude Beach Summer Wheat (2011),low
Drop Dead Blonde,low
Three Kings Ale,low
Point Oktoberfest,med
2012 Black Ale,med
Point Nude Beach Summer Wheat (2010),low
Point Cascade Pale Ale,med
Point Amber Classic,low
Point Special Lager,low
Wisco Disco,med
Brontide,low
Brontide,low
Classique,low
Sunsplash Golden Ale (2004),low
Sand Island Lighthouse,med
Lily Flagg Milk Stout,low
Monkeynaut IPA,high
Straub Beer (Current),low
American Lager,low
American Amber,low
American Light,low
Extra Pale Ale,med
Make It So,med
Hopvale Organic Ale,low
Unchained #18 Hop Silo,high
Tip Off,med
Java Mac,med
Cowbell,med
Hop Up Offa That Brett (2014),med
PV Muckle (2013),high
Bourbon Barrel Batch 666: Sympathy for the Devil,high
Whip Fight,high
Port Barrel Wee Mac ,med
Fistful Of Hops Red,med
Fistful of Hops Orange,med
Fistful Of Hops Blue,med
Fistful of Hops Green,med
30 Min Coma,high
Wee Muckle,high
Royal Brat,med
Grapefruit Jungle (GFJ),high
Osiris Pale Ale,med
Bourbon Barrel Aged Timmie,high
Stupid Sexy Flanders,med
Bourbon Barrel Cowbell,high
Popcorn Pilsner,med
Ring of Dingle,high
Bourbon Barrel Wee Mac,med
Bourbon Barrel Johan,high
The Deuce,high
The Velvet Fog,high
Sun King Oktoberfest,med
Indianapolis Indians Lager,med
Indians Victory Lager (2012),med
Chaka,high
Isis,high
Wee Muckle (2011),high
Grapefruit Jungle (GFJ) (2011),high
Sun King Oktoberfest (2011),med
Johan the Barleywine,high
Wee Mac Scottish-Style Ale,med
Sunlight Cream Ale,med
Osiris Pale Ale (2010),med
Dam Lager,low
Red Clay IPA,high
Todd the Axe Man,high
Doomtree,med
BLAKKR,high
Overrated! West Coast Style IPA,high
WET,high
Bitter Brewer,low
SurlyFest,med
Coffee Bender,med
Bender,med
Abrasive Ale,high
Hell,med
CynicAle,high
Furious,med
Big Nose,high
Cotton Mouth,low
Stump Knocker Pale Ale,med
Midnight Oil,low
Wild Night,med
Bermuda Triangle Ginger Beer,low
Take Two Pils,med
Waterkeeper,med
SweetWater IPA,med
420 Extra Pale Ale,med
Dodgy Knight Imperial IPA,high
TailGate Saison,low
TailGate IPA,low
TailGate IPA,low
TailGate Hefeweizen,low
Blacktop Blonde,low
Blacktop Blonde,low
TailGate Hefeweizen,low
Wooden Rooster,high
Ginger Peach Saison,low
Zombie Monkie,med
Wild Plum Farmhouse Ale,med
Vanilla Bean Buffalo Sweat,low
Ethos IPA,high
Tallgrass Pub Ale,low
Oasis,high
Buffalo Sweat,low
Halcyon Unfiltered Wheat,low
8-Bit Pale Ale,med
Velvet Rooster,high
Halcyon Unfiltered Wheat,low
Köld Lager (2010),low
Oasis (2010),high
Tallgrass Ale,low
Buffalo Sweat (2010),low
Tallgrass IPA,med
Hat Trick Hop IPA,high
Yard Sale Amber Ale,med
Loafin Bräu,med
Old Elephant Foot IPA,high
Peck's Porter,med
Reactor,high
Mr. Orange,med
Deduction,high
Face Down Brown Ale,med
Tempter IPA,med
Bridal Veil Rye Pale Ale,med
Smittytown,low
Greenwood Beach,low
Gatecrasher,high
RecreationAle,low
First Stand,med
Battle LIne,med
Broken Bridge,med
Brutus,high
Petit Mutant,med
The Crusher,high
Beelzebub,high
Focal Banger,high
Heady Topper,high
Heady Topper,high
Bomber Mountain Amber Ale (2013),low
Indian Paintbrush IPA,high
Saddle Bronc Brown Ale (2013),low
Wagon Box Wheat Beer,med
Birdhouse Pale Ale,low
Ozzy,high
Resurrection,high
Bronx Summer Pale Ale,med
Bronx Black Pale Ale,med
Bronx Pale Ale,med
Surfrider,med
Kolschtal Eddy,med
South Bay Session IPA,low
Grandma's Pecan,high
Double Trunk,high
Just IPA,low
Lionshead,low
Manhattan Gold Lager (1990),high
G. B. Russo’s Italian Pistachio Pale Ale,med
Northern Hawk Owl Amber,med
CEO Stout,med
Will Power Pale Ale,low
Curious Traveler Shandy,low
Hunny Do Wheat,low
Three Way Pale Ale,med
Rise to the Top,low
Lost Trout Brown Ale,low
Watermelon Ale,med
Knotty Blonde Ale,low
Fivepine Chocolate Porter,med
Hoodoo Voodoo IPA,med
Hydraulion Red,med
40 Mile IPA,med
Citra Faced,med
Pole Barn Stout,med
Pale,med
Yoshi's Nectar,med
Leatherhead Red,med
Cropduster Mid-American IPA,med
Golden Frau Honey Wheat,high
Cornstalker Dark Wheat,high
Cafe Leche,med
Damascene Apricot Sour,med
Csar,high
Klingon Warnog Roggen Dunkel,med
Overlord Imperial IPA,high
Alloy,med
Rivet Irish Red Ale,med
3 Gear Robust Porter,med
Circuit Bohemian Pilsner,low
Turnrow Harvest Ale,med
Juke Joint IPA,high
Parade Ground Coffee Porter,high
Tin Roof Watermelon Wheat,low
Tin Roof Blonde Ale,low
Voodoo Bengal Pale Ale,med
Perfect Tin Amber,low
IPA & a Half,high
Ornery Amber Lager (2003),med
Big Island Shandy,low
Preservation IPA,high
Almanac IPA,med
Milk Mustachio Stout,med
Farmer's Tan Red Ale,med
Triangle India Pale Ale,med
Triangle White Ale,low
Triangle Belgian Golden Ale,high
Troegenator,high
Nugget Nectar,high
Sunshine Pils,low
Troegenator Doublebock,high
Perpetual IPA,high
Greenville Pale Ale,med
Hoppy Boy,med
Cow Creek,med
Chupahopra,high
Twisted X,med
Day Hike Session,low
Trailhead ISA,low
Immersion Amber,med
Evo IPA,med
Presidential Pils,low
Evolutionary IPA (2012),med
Persnickety Pale,med
SoDo Brown Ale,med
Immersion Amber Ale (2011),med
Evolutionary IPA (2011),med
Trailhead India Style Session Ale (2011),low
Panorama Wheat Ale,low
Wobble,med
Night Cat,med
Night Cat (2014),med
Dog Days Lager,med
Sidekick Extra Pale Ale,med
Atom Smasher,high
Testudo,low
Hobnob B & B Pale Ale,med
Cane and Ebel,high
Outlaw IPA (2015),med
The Gilded Age,low
No Limits Hefeweizen,low
Honeyspot Road White IPA,med
Road 2 Ruin Double IPA,high
Workers Comp Saison,low
Ol' Factory Pils,low
PUNK'N,low
Yard Sale Winter Lager,low
Trader Session IPA,low
Hop Nosh IPA,high
SUM'R,low
Organic Baba Black Lager,low
Hop Notch IPA (2013),high
Cutthroat Pale Ale,low
WYLD Extra Pale Ale,low
Pilsner Ukiah,med
The Green Room,med
Humbucker Helles,low
Uncle John's Apple Cherry Cider,med
Uncle John's Apricot Apple Cider,med
Draught Hard Apple Cider,med
Scotty K NA,low
Bacon Brown Ale,high
Golden State Ale,med
Baltic Porter,high
Siamese twin,high
Double Duckpin,high
Old Pro,low
Duckpin Pale Ale,med
Balt Altbier,med
Campside Session IPA,low
Upland Wheat Ale,low
Dragonfly IPA,med
Lee Hill Series Vol. 5 - Belgian Style Quadrupel Ale,high
Lee Hill Series Vol. 4 - Manhattan Style Rye Ale,high
Lee Hill Series Vol. 2 - Wild Saison,high
Lee Hill Series Vol. 3 - Barrel Aged Imperial Stout,high
Lee Hill Series Vol. 1 - Barrel Aged Brown Ale,high
Blood Orange Saison,med
Thai Style White IPA,med
Ferus Fluxus Wild Belgian Pale Ale,high
Upslope Imperial India Pale Ale,high
Upslope Christmas Ale,high
Upslope Pumpkin Ale,high
Upslope Belgian Style Pale Ale,high
Upslope Foreign Style Stout,high
Top Rope Mexican-style Craft Lager,low
Upslope Craft Lager,low
Upslope Brown Ale,high
Upslope Pale Ale,med
Upslope India Pale Ale,high
Common Sense Kentucky Common Ale,med
Upstate I.P.W.,med
Squatters Full Suspension Pale Ale,low
Squatters Hop Rising Double IPA,high
Devastator Double Bock,high
Wasatch Ghostrider White IPA,med
Wasatch Ghostrider White IPA (2014),med
Wasatch Apricot Hefeweizen,low
Squatters Hop Rising Double IPA (2014),high
Squatters Full Suspension Pale Ale,low
Nunica Pine,high
Ginger Peach,high
Totally Roasted,high
Blue Gold,high
Hard Apple,high
Nitro Can Coffee Stout,med
Voodoo Love Child,high
White Magick of the Sun,high
Wynona's Big Brown Ale,high
Gran Met,high
Good Vibes IPA,high
Pilzilla,high
Wachusett Light IPA,low
Green Monsta IPA,med
Wachusett IPA,med
Strawberry White,low
Larry Imperial IPA,high
Wachusett Summer,low
Country Pale Ale,med
Wachusett Light IPA (2013),low
Pumpkan,med
Wachusett Blueberry Ale,low
Green Monsta IPA,med
T-6 Red Ale (2004),low
Self Starter,med
Ermal's,med
10 Ton,high
Flyin' Rye,high
Christmas Ale,high
Pay It Forward Cocoa Porter,high
West Sixth Amber Ale,med
West Sixth IPA,high
One Claw,med
Westbrook Gose,low
White Thai,low
Westbrook IPA,high
Westfield Octoberfest,med
Pop's Old Fashioned Lager,med
Charlie in the Rye,med
Royal Lager,high
Rip Van Winkle (Current),high
O’Malley’s Stout,high
O’Malley’s IPA,high
O’Malley’s Irish Style Cream Ale,high
L'il Lucy's Hot Pepper Ale,low
Drop Kick Ale,med
Raspberry Berliner Weisse,med
Hop Session,low
Blueberry Berliner Weisse,med
Berliner Weisse,med
Super G IPA,med
Hefe Lemon,low
Hefe Black,low
Widmer Brothers Hefeweizen,low
Hop Slayer Double IPA,high
Pumpkin Ale,low
Big Bowl Blonde Ale,low
Phat Chance,med
Hop Slayer Double IPA (2011),high
Hop Slayer Double IPA (2011),high
Wild Onion Summer Wit,low
Jack Stout,med
Wild Onion Pumpkin Ale (2010),low
Paddy Pale Ale,med
Blonde Hunny,high
Wild Wolf Wee Heavy Scottish Style Ale,med
Wild Wolf American Pilsner,low
Alpha Ale,med
Mystical Stout,med
Bodacious Bock,high
Ambitious Lager,low
Wyoming Pale Ale,high
Wind River Blonde Ale,low
Ace IPA,high
P-51 Porter,high
#001 Golden Amber Lager,med
#002 American I.P.A.,high
#003 Brown & Robust Porter,med
#004 Session I.P.A.,low
Tarasque,med
Ananda India Pale Ale,med
Tiny Bomb,low
Train Hopper,med
Edward’s Portly Brown,low
Troopers Alley IPA,med
Wolverine Premium Lager,low
Woodchuck Amber Hard Cider,low
4000 Footer IPA,med
Summer Brew,low
Be Hoppy IPA,med
Worthy IPA,high
Easy Day Kolsch,low
Lights Out Vanilla Cream Extra Stout,high
Worthy IPA (2013),high
Worthy Pale,med
Patty's Chile Beer,low
Colorojo Imperial Red Ale,high
Wynkoop Pumpkin Ale,med
Rocky Mountain Oyster Stout,high
Belgorado,high
Rail Yard Ale,med
B3K Black Lager,med
Silverback Pale Ale,med
Rail Yard Ale (2009),med
